Ticker,Size,P/L %,Last 24h,First buy,,Period/Quarter,QoQ %,YoY %,CAGR
World ETF,35.21%,+22%,N/A,N/A,,January 2024,0.0%,,
AMD,11.09%,+286%,2.95%,Jun-2025,,March 2024,19.3%,,
ASML,11.39%,+154%,3.51%,Feb-2025,,June 2024,20.2%,,
RKLB,8.40%,+81%,4.91%,Feb-2025,,September 2024,6.3%,,
Gold,4.66%,+64%,N/A,Jun-2024,,December 2024,15.6%,76.3%,76.3%
RDDT,4.66%,-12%,-1.12%,Feb-2025,,March 2025,0.4%,48.3%,57.9%
Cash,6.60%,N/A,N/A,N/A,,June 2025,21.6%,50.1%,66.7%
META,8.91%,+22%,0.30%,Apr-2026,,September 2025,16.2%,63.9%,68.8%
TUNGF,1.10%,-21%,1.61%,Oct-2025,,December 2025,12.9%,60.1%,68.0%
NOW,4.70%,+30%,-2.45%,Jun-2026,,March 2026,6.1%,69.3%,62.8%
GENI,2.63%,-30%,5.99%,Jul-2025,,June 2026,17.7%,63.8%,65.5%
UCU,0.64%,-55%,-0.76%,Oct-2025,,, ,,
,,,,,,,,,
Today P/L (stocks only),,+2.1%,,,,,,,
,,,,,,,,,
Tracked since 29/07/2026,,,,,,,,,
C. alpha vs. Benchmark,,+20.7%,,,,,,,
Max drawdown,,-9.3%,,,,,,,
Current drawdown,,0.0%,,,,,,,
Annualized volatility,,31.9%,,,,,,,
Benchmark annualized vol.,,9.8%,,,,,,,
The ratio,,3.27x,,,,,,,
Beta vs Benchmark,,—,,,,,,,
,,,,,,,,,
,As of:,,,,,,,,
,2026-10-04,,,,,,,,